Altitude,Time
79.421,25.04
79.421,25.1
79.4266,25.16
79.4475,25.22
79.485,25.28
79.5335,25.34
79.5871,25.4
79.6472,25.46
79.7181,25.52
79.773,25.56
79.868,25.62
79.9791,25.68
80.0626,25.72
80.2025,25.78
80.3604,25.84
80.5368,25.9
80.7318,25.96
80.9457,26.02
81.2606,26.1
81.7023,26.2
81.993,26.24
82.1976,26.3
82.5207,26.36
82.8631,26.42
83.225,26.48
83.6063,26.54
84.007,26.6
84.427,26.66
84.8665,26.72
85.3254,26.78
85.8036,26.84
86.3011,26.9
86.818,26.96
87.3541,27.02
87.9096,27.08
88.4843,27.14
89.0783,27.2
89.6914,27.26
90.3238,27.32
90.9752,27.38
91.6458,27.44
92.3355,27.5
93.0442,27.56
93.7719,27.62
94.5186,27.68
95.2842,27.74
96.0687,27.8
96.872,27.86
97.694,27.92
98.5348,27.98
99.3943,28.04
100.272,28.1
101.169,28.16
102.084,28.22
103.018,28.28
103.97,28.34
104.94,28.4
105.929,28.46
106.936,28.54
108.307,28.6
109.356,28.66
110.423,28.72
111.508,28.78
112.611,28.84
113.731,28.9
114.87,28.96
116.025,29.02
117.199,29.08
119.598,29.2
120.823,29.26
122.066,29.32
123.326,29.38
124.603,29.44
125.897,29.5
127.207,29.56
128.534,29.62
129.878,29.68
131.239,29.74
132.615,29.8
134.008,29.86
135.418,29.96
137.802,30.02
139.254,30.08
140.722,30.14
142.205,30.2
143.704,30.26
145.219,30.32
147.262,30.4
148.812,30.46
150.377,30.52
151.957,30.58
153.552,30.64
155.162,30.7
156.786,30.76
157.876,30.8
159.524,30.86
161.187,30.92
162.863,30.98
164.553,31.08
167.4,31.14
169.127,31.2
170.867,31.26
172.62,31.32
174.387,31.38
176.166,31.44
177.959,31.5
179.764,31.56
181.581,31.62
183.411,31.68
185.253,31.74
187.108,31.8
188.974,31.86
190.852,31.92
192.742,31.98
194.643,32.04
196.555,32.1
198.479,32.16
200.413,32.22
202.359,32.28
204.315,32.34
206.282,32.4
208.259,32.46
210.246,32.52
212.243,32.58
214.25,32.64
216.266,32.7
218.293,32.76
220.328,32.82
222.373,32.88
224.426,32.94
226.489,33
228.56,33.06
230.639,33.12
232.727,33.18
234.823,33.24
236.926,33.3
239.038,33.36
241.157,33.42
243.283,33.48
245.417,33.54
247.557,33.6
249.704,33.66
251.858,33.72
254.019,33.78
256.185,33.84
258.358,33.9
260.536,33.96
262.721,34.02
264.91,34.08
267.105,34.14
269.305,34.2
271.51,34.26
273.72,34.32
275.196,34.36
277.413,34.42
279.635,34.48
281.86,34.54
285.577,34.64
287.812,34.7
290.051,34.76
296.036,34.92
299.035,35
301.288,35.06
303.544,35.12
305.801,35.18
308.06,35.24
310.321,35.3
312.583,35.36
314.846,35.42
317.11,35.48
319.374,35.54
321.64,35.6
323.905,35.66
326.171,35.72
328.436,35.78
330.702,35.84
332.966,35.9
335.231,35.96
337.494,36.02
339.756,36.08
342.017,36.14
344.276,36.2
346.534,36.26
348.79,36.32
351.043,36.38
353.295,36.44
355.543,36.5
357.79,36.56
360.033,36.62
362.273,36.68
364.51,36.74
366.743,36.8
368.973,36.86
371.199,36.92
373.421,36.98
375.638,37.04
377.851,37.1
380.059,37.16
382.263,37.22
384.461,37.28
386.654,37.34
388.841,37.4
391.023,37.46
393.199,37.52
395.369,37.58
397.532,37.64
399.69,37.7
401.84,37.76
403.984,37.82
406.12,37.88
408.249,37.94
410.371,38
412.486,38.06
415.292,38.14
417.388,38.2
419.476,38.26
421.555,38.32
423.625,38.38
425.687,38.46
428.422,38.52
430.462,38.58
432.493,38.64
434.515,38.7
436.526,38.76
438.528,38.82
440.519,38.88
442.5,38.94
444.471,39
446.431,39.06
448.379,39.12
450.317,39.18
452.244,39.24
454.159,39.3
456.062,39.36
458.582,39.44
460.458,39.5
462.322,39.56
464.173,39.62
466.012,39.68
467.838,39.74
469.651,39.8
471.452,39.86
473.239,39.92
475.013,39.98
476.773,40.04
478.52,40.1
480.253,40.16
481.972,40.22
483.677,40.28
485.367,40.34
487.043,40.4
488.704,40.46
490.351,40.52
491.983,40.58
493.599,40.64
495.201,40.7
496.787,40.76
498.358,40.82
499.913,40.88
501.452,40.94
502.975,41
504.483,41.06
505.974,41.12
507.448,41.18
508.907,41.24
510.348,41.3
511.773,41.36
513.181,41.42
514.572,41.48
515.946,41.54
517.303,41.6
518.642,41.66
519.964,41.72
521.268,41.78
522.554,41.84
523.823,41.9
525.073,41.96
527.52,42.08
528.715,42.14
529.893,42.2
531.052,42.26
532.192,42.32
533.314,42.38
534.417,42.44
535.501,42.5
536.565,42.56
537.611,42.62
538.637,42.68
539.644,42.74
540.632,42.8
541.599,42.86
542.548,42.92
543.476,42.98
544.385,43.04
545.274,43.1
546.142,43.16
546.991,43.22
547.82,43.28
548.628,43.34
549.416,43.4
550.183,43.46
550.931,43.52
551.657,43.58
552.363,43.64
553.048,43.7
553.713,43.76
554.357,43.82
554.98,43.88
555.582,43.94
556.163,44
556.723,44.06
557.262,44.12
557.78,44.18
558.276,44.24
558.752,44.3
559.206,44.36
559.638,44.42
560.05,44.48
560.44,44.54
560.808,44.6
561.155,44.66
561.481,44.72
561.784,44.78
562.067,44.84
562.327,44.9
562.567,44.96
562.784,45.02
562.98,45.08
563.154,45.14
563.306,45.22
563.475,45.28
563.576,45.34
563.656,45.4
563.714,45.46
563.75,45.52
563.764,45.58
563.756,45.64
563.727,45.7
563.675,45.76
563.602,45.82
563.507,45.88
563.391,45.94
563.252,46
563.092,46.06
562.91,46.12
562.706,46.18
562.48,46.24
562.233,46.3
561.963,46.36
561.672,46.42
561.36,46.48
561.026,46.54
560.67,46.6
560.292,46.66
559.893,46.72
559.472,46.78
559.03,46.84
558.566,46.9
558.081,46.96
557.574,47.02
557.046,47.08
556.497,47.14
555.926,47.2
555.334,47.26
554.721,47.32
554.087,47.38
553.432,47.42
552.983,47.48
552.293,47.54
551.34,47.62
550.601,47.68
549.841,47.74
549.061,47.8
548.26,47.86
547.439,47.92
546.596,47.98
545.734,48.04
544.851,48.1
543.948,48.16
543.025,48.22
542.082,48.28
541.119,48.34
540.136,48.4
539.133,48.46
538.111,48.52
537.069,48.58
536.007,48.64
534.926,48.7
533.826,48.76
532.706,48.82
531.568,48.88
530.41,48.94
529.234,49
528.039,49.06
526.825,49.12
525.593,49.18
524.342,49.24
523.073,49.3
521.786,49.36
520.481,49.42
519.157,49.48
517.817,49.54
516.458,49.6
515.082,49.66
513.689,49.72
512.278,49.78
510.85,49.84
509.406,49.9
507.944,49.96
506.466,50.02
504.971,50.08
503.46,50.14
501.932,50.2
500.389,50.26
498.829,50.32
497.254,50.38
495.663,50.44
494.057,50.5
492.435,50.56
490.798,50.62
489.146,50.68
487.479,50.74
485.798,50.8
484.102,50.86
482.392,50.92
480.667,50.98
478.929,51.04
477.176,51.1
475.41,51.16
473.631,51.22
471.838,51.28
470.032,51.34
468.213,51.4
466.381,51.46
464.537,51.52
462.681,51.58
460.812,51.64
458.931,51.7
457.038,51.76
455.133,51.82
453.218,51.88
451.29,51.94
449.352,52
447.403,52.06
445.443,52.12
443.472,52.18
441.492,52.24
439.501,52.3
437.5,52.36
435.49,52.42
433.47,52.48
431.44,52.54
429.402,52.6
427.355,52.66
425.298,52.72
423.234,52.78
421.161,52.84
419.08,52.9
416.991,52.96
414.895,53.02
412.791,53.08
410.68,53.14
408.562,53.2
406.437,53.26
404.305,53.32
402.167,53.38
400.023,53.44
397.873,53.5
395.717,53.56
393.556,53.62
391.389,53.68
389.217,53.74
387.04,53.8
384.859,53.86
382.673,53.92
380.483,53.98
378.289,54.04
376.092,54.1
373.89,54.16
371.686,54.22
369.478,54.28
367.268,54.34
365.054,54.4
362.1,54.48
359.141,54.56
356.92,54.62
354.697,54.7
351.732,54.76
349.506,54.82
344.31,54.98
341.339,55.04
338.369,55.12
336.141,55.18
333.913,55.24
331.686,55.3
329.46,55.36
327.235,55.42
325.012,55.48
322.79,55.54
320.57,55.6
318.352,55.66
316.136,55.72
313.923,55.78
311.713,55.84
309.505,55.9
307.301,55.96
305.101,56.02
302.904,56.08
300.711,56.14
298.522,56.2
296.337,56.26
294.157,56.32
291.982,56.4
289.09,56.46
286.927,56.52
284.77,56.58
282.618,56.62
281.902,56.64
281.187,56.66
280.472,56.68
279.045,56.72
278.333,56.74
278.333,56.76
276.91,56.8
274.782,56.86
272.66,56.92
270.546,56.98
268.439,57.04
266.339,57.1
264.247,57.16
262.164,57.22
260.088,57.28
258.021,57.34
255.962,57.4
253.912,57.46
251.871,57.52
249.839,57.58
247.817,57.64
245.804,57.7
243.802,57.76
241.809,57.82
239.827,57.88
237.855,57.94
235.894,58
233.943,58.06
232.004,58.12
230.077,58.18
228.798,58.22
226.889,58.28
224.993,58.34
223.109,58.4
220.615,58.48
218.76,58.54
216.917,58.6
215.088,58.66
213.271,58.72
211.468,58.78
209.678,58.84
207.903,58.9
206.141,58.96
204.393,59.02
202.66,59.08
200.941,59.14
199.237,59.2
197.547,59.26
195.873,59.32
194.215,59.38
192.571,59.44
190.943,59.5
189.331,59.56
187.207,59.64
185.633,59.7
184.075,59.76
182.534,59.82
180.002,59.92
178.506,59.98
177.027,60.04
175.565,60.1
174.121,60.16
172.695,60.22
171.286,60.28
169.895,60.34
168.523,60.4
167.169,60.46
165.834,60.52
164.517,60.58
163.22,60.64
161.941,60.7
160.681,60.76
159.441,60.82
158.22,60.88
157.019,60.94
155.837,61
154.676,61.06
153.534,61.12
152.413,61.18
151.311,61.24
150.231,61.3
149.171,61.36
148.131,61.44
146.778,61.5
145.788,61.56
144.818,61.62
143.87,61.68
142.943,61.74
142.038,61.8
141.155,61.86
140.293,61.92
139.453,61.98
138.635,62.04
137.839,62.1
137.066,62.16
136.315,62.22
135.586,62.28
134.879,62.34
134.196,62.4
133.535,62.46
132.897,62.52
132.282,62.58
131.69,62.64
131.121,62.7
130.575,62.76
130.052,62.82
129.553,62.88
129.078,62.94
128.626,63
128.197,63.06
127.792,63.12
127.412,63.18
127.055,63.24
126.722,63.3
126.412,63.36
126.127,63.42
125.867,63.48
125.63,63.54
125.418,63.6
125.23,63.66
125.066,63.72
124.927,63.78
124.812,63.84
124.722,63.9
124.656,63.96
124.615,64.02
124.599,64.08
124.608,64.14
124.641,64.2
124.699,64.26
124.782,64.32
124.975,64.42
125.124,64.48
125.299,64.54
125.498,64.6
125.802,64.68
126.059,64.74
126.342,64.8
126.649,64.86
126.981,64.92
127.338,64.98
127.72,65.04
128.128,65.1
128.56,65.16
129.017,65.22
129.499,65.28
130.005,65.34
130.537,65.4
131.094,65.46
131.675,65.52
132.281,65.58
132.912,65.64
133.568,65.7
134.248,65.76
134.953,65.82
135.682,65.88
136.436,65.94
137.215,66
138.018,66.06
138.845,66.12
139.697,66.18
140.573,66.24
141.473,66.3
142.398,66.38
143.668,66.44
144.648,66.5
145.652,66.56
146.68,66.62
147.732,66.68
148.808,66.74
150.653,66.84
151.791,66.9
152.952,66.96
154.137,67.02
155.345,67.08
156.576,67.14
157.83,67.2
159.106,67.26
160.406,67.32
161.728,67.38
163.072,67.44
164.439,67.5
165.828,67.56
167.239,67.62
168.672,67.68
170.127,67.74
171.604,67.8
173.102,67.88
175.133,67.94
176.681,68
178.25,68.06
179.84,68.12
181.45,68.18
183.082,68.24
184.734,68.3
186.406,68.36
187.532,68.38
188.667,68.44
190.387,68.5
192.126,68.56
193.884,68.62
195.662,68.68
198.063,68.76
199.886,68.82
201.728,68.88
203.588,68.94
205.467,69
207.365,69.06
209.28,69.12
211.214,69.18
213.165,69.24
215.134,69.3
217.121,69.36
219.124,69.42
221.145,69.48
223.865,69.56
225.924,69.62
228,69.68
230.092,69.74
234.323,69.86
236.462,69.92
238.617,69.98
240.786,70.04
242.971,70.1
245.17,70.16
247.384,70.22
249.611,70.3
252.603,70.36
254.863,70.42
257.136,70.48
259.423,70.54
261.722,70.6
264.034,70.66
266.359,70.72
268.695,70.8
271.83,70.86
274.194,70.92
276.57,70.98
278.957,71.04
281.354,71.1
283.763,71.16
286.182,71.22
288.611,71.28
291.05,71.34
293.498,71.4
295.956,71.46
298.424,71.52
301.727,71.6
304.214,71.66
306.71,71.72
309.214,71.78
311.726,71.84
314.245,71.9
316.771,71.96
319.305,72.02
321.845,72.08
324.391,72.14
326.944,72.2
329.503,72.26
332.067,72.32
334.636,72.38
337.211,72.44
339.791,72.5
342.375,72.56
344.963,72.62
347.555,72.68
350.151,72.74
352.751,72.8
355.353,72.86
357.959,72.92
360.567,72.98
363.177,73.04
365.79,73.1
368.404,73.16
371.02,73.22
373.637,73.28
376.255,73.34
378.873,73.4
381.492,73.46
384.111,73.52
386.73,73.58
389.349,73.64
391.967,73.7
394.583,73.76
397.199,73.82
399.813,73.88
402.425,73.94
405.035,74
407.642,74.06
410.247,74.12
412.849,74.18
415.447,74.24
418.043,74.3
420.634,74.36
423.221,74.42
425.804,74.48
428.382,74.54
430.956,74.6
433.524,74.66
436.086,74.72
438.643,74.78
441.194,74.84
443.739,74.9
446.277,74.96
448.808,75.02
451.332,75.08
453.849,75.14
456.358,75.2
458.859,75.26
461.352,75.32
463.837,75.38
466.313,75.44
468.78,75.5
471.237,75.56
473.685,75.62
476.123,75.68
478.552,75.74
480.969,75.8
483.377,75.86
485.773,75.92
488.159,75.98
490.533,76.04
492.895,76.1
495.245,76.16
497.584,76.22
499.91,76.28
502.223,76.34
504.524,76.4
506.811,76.46
509.085,76.52
511.346,76.58
513.592,76.64
515.825,76.7
518.043,76.76
520.246,76.82
522.435,76.88
524.609,76.94
526.767,77
528.91,77.06
531.037,77.12
533.148,77.18
535.243,77.24
537.321,77.3
539.383,77.36
541.428,77.42
542.781,77.44
544.127,77.5
546.132,77.56
548.118,77.62
550.087,77.68
552.038,77.74
553.97,77.8
555.884,77.86
557.78,77.92
559.656,77.98
561.513,78.04
563.351,78.1
565.17,78.16
566.968,78.22
568.747,78.28
570.506,78.34
572.819,78.42
574.53,78.5
576.779,78.56
578.442,78.62
580.083,78.68
581.703,78.74
583.302,78.8
584.878,78.86
586.433,78.92
587.966,78.98
589.477,79.04
590.965,79.1
592.43,79.16
593.873,79.22
595.293,79.28
596.691,79.34
598.064,79.4
599.415,79.46
600.742,79.52
602.046,79.58
603.325,79.64
604.581,79.7
605.813,79.76
607.02,79.82
608.203,79.88
609.362,79.94
610.496,80.04
612.332,80.1
613.4,80.16
614.443,80.22
615.461,80.28
616.453,80.34
617.421,80.4
618.362,80.46
619.278,80.52
620.169,80.58
621.034,80.64
621.872,80.7
622.685,80.76
623.472,80.82
624.232,80.88
624.967,80.94
625.674,81
626.356,81.06
627.011,81.12
627.639,81.18
628.241,81.24
628.816,81.3
629.364,81.36
629.885,81.42
630.38,81.48
630.997,81.56
631.428,81.62
631.832,81.68
632.21,81.74
632.559,81.8
632.882,81.86
633.177,81.92
633.445,81.98
633.686,82.04
633.899,82.1
634.085,82.16
634.243,82.22
634.374,82.28
634.477,82.34
634.553,82.4
634.602,82.46
634.622,82.52
634.615,82.58
634.581,82.66
634.492,82.72
634.394,82.78
634.267,82.84
634.114,82.9
633.932,82.96
633.723,83.02
633.487,83.08
633.314,83.1
633.129,83.16
632.613,83.26
632.145,83.34
631.762,83.4
631.352,83.46
630.914,83.52
630.449,83.58
629.957,83.64
629.614,83.66
629.438,83.68
629.076,83.74
628.512,83.8
627.92,83.86
627.301,83.92
626.434,84
625.753,84.06
625.044,84.12
624.309,84.18
623.547,84.24
622.759,84.3
621.667,84.38
620.817,84.44
619.642,84.52
618.731,84.58
617.794,84.64
616.83,84.7
615.841,84.76
614.826,84.82
613.785,84.88
612.719,84.94
611.627,85
610.51,85.06
609.368,85.12
608.201,85.16
607.806,85.18
607.009,85.24
605.792,85.3
604.967,85.34
604.131,85.36
603.709,85.4
602.427,85.46
601.12,85.52
599.789,85.58
598.435,85.64
597.056,85.7
595.654,85.76
594.228,85.8
593.265,85.86
591.8,85.92
590.811,85.96
589.308,86.02
587.782,86.08
586.234,86.14
584.663,86.2
583.07,86.26
581.455,86.32
579.818,86.38
578.159,86.44
576.478,86.5
574.205,86.58
572.475,86.64
570.724,86.7
568.953,86.76
567.161,86.82
565.349,86.88
563.517,86.94
561.665,87
559.793,87.06
557.902,87.12
555.992,87.18
554.063,87.24
552.114,87.3
550.148,87.36
548.163,87.42
546.83,87.44
545.488,87.5
543.462,87.56
541.417,87.62
521.527,88.18
519.312,88.24
517.825,88.26
516.332,88.32
514.08,88.38
511.813,88.44
509.531,88.52
506.468,88.58
504.155,88.64
501.828,88.7
499.489,88.76
497.137,88.82
494.773,88.88
492.397,88.94
490.009,89
487.61,89.06
485.2,89.12
481.97,89.2
479.536,89.26
477.091,89.32
474.636,89.38
472.172,89.44
469.698,89.5
467.216,89.56
464.724,89.62
462.225,89.68
458.88,89.76
456.362,89.82
453.836,89.88
451.304,89.94
448.765,90.02
445.369,90.08
442.815,90.14
440.255,90.2
437.69,90.26
435.119,90.32
432.544,90.38
429.964,90.44
427.379,90.5
424.791,90.56
422.199,90.62
419.603,90.68
417.005,90.74
414.404,90.8
411.8,90.86
409.194,90.92
406.587,90.98
403.978,91.04
401.367,91.1
398.756,91.16
396.144,91.22
393.532,91.28
390.92,91.34
388.308,91.4
385.697,91.46
383.086,91.52
380.477,91.58
377.87,91.64
375.264,91.7
372.661,91.76
370.06,91.82
367.461,91.88
364.866,91.94
362.275,92
359.687,92.06
357.103,92.12
354.523,92.18
351.948,92.24
349.378,92.3
346.814,92.36
344.254,92.42
341.701,92.48
339.154,92.54
336.613,92.6
334.079,92.66
331.553,92.76
327.358,92.82
324.851,92.88
322.353,92.94
319.863,93
317.382,93.06
314.91,93.12
312.447,93.18
309.994,93.24
307.551,93.3
305.119,93.36
302.696,93.42
300.285,93.48
297.885,93.54
295.496,93.6
293.119,93.66
290.754,93.72
288.401,93.78
286.061,93.84
283.734,93.9
281.42,93.96
279.119,94.02
276.832,94.08
274.559,94.14
272.301,94.2
268.569,94.3
266.349,94.36
264.145,94.42
261.957,94.5
259.064,94.56
256.912,94.62
254.777,94.68
252.659,94.74
250.558,94.8
248.474,94.86
246.408,94.92
244.359,94.98
242.328,95.04
240.316,95.1
238.322,95.16
236.347,95.22
234.391,95.28
232.454,95.34
230.537,95.4
228.64,95.46
226.762,95.52
224.905,95.58
223.069,95.66
220.652,95.72
218.864,95.78
217.098,95.84
215.352,95.9
213.629,95.96
211.928,96.02
210.248,96.08
208.592,96.14
206.957,96.2
205.346,96.26
203.758,96.32
202.193,96.38
200.651,96.44
199.134,96.5
197.64,96.56
196.17,96.62
194.724,96.68
193.304,96.74
191.907,96.8
190.536,96.86
189.19,96.92
187.869,96.98
186.573,97.04
185.304,97.1
184.06,97.16
182.441,97.24
180.87,97.32
179.722,97.38
178.233,97.46
177.148,97.52
176.09,97.58
175.058,97.64
174.054,97.7
173.078,97.76
172.129,97.82
171.208,97.88
170.315,97.94
169.45,98
168.614,98.06
167.805,98.12
167.026,98.18
166.274,98.24
165.552,98.3
164.858,98.36
164.194,98.42
163.558,98.48
163.151,98.52
162.564,98.56
162.375,98.6
161.828,98.66
161.31,98.72
160.822,98.78
160.364,98.84
159.935,98.9
159.537,98.96
159.169,99.02
158.83,99.08
158.523,99.14
158.245,99.2
157.998,99.26
157.781,99.32
157.595,99.38
157.44,99.44
157.315,99.5
157.221,99.56
157.158,99.62
157.126,99.68
157.125,99.74
157.172,99.82
157.243,99.88
157.345,99.94
157.479,100
157.643,100.06
157.839,100.12
158.325,100.24
158.614,100.3
158.935,100.36
159.288,100.42
159.671,100.48
160.086,100.54
160.532,100.58
160.532,100.58
160.846,100.64
161.344,100.68
161.517,100.7
161.873,100.76
162.433,100.82
163.025,100.88
163.647,100.94
164.301,101
164.985,101.06
165.7,101.12
166.447,101.18
167.224,101.24
168.032,101.3
168.871,101.36
169.74,101.42
170.64,101.48
171.57,101.54
172.531,101.6
173.522,101.66
174.544,101.72
175.595,101.8
177.044,101.86
178.166,101.92
179.317,101.98
180.499,102.04
181.709,102.1
182.95,102.16
184.219,102.22
185.518,102.28
186.846,102.34
188.203,102.4
189.589,102.46
191.003,102.52
192.446,102.58
194.914,102.68
196.432,102.74
197.978,102.8
199.553,102.86
201.154,102.92
202.783,102.98
204.44,103.04
206.123,103.1
207.834,103.16
209.571,103.22
211.334,103.28
213.124,103.34
214.94,103.4
216.782,103.46
218.65,103.52
220.543,103.58
222.461,103.64
224.405,103.7
226.373,103.76
228.366,103.82
230.383,103.88
232.424,103.94
234.489,104
236.578,104.06
238.69,104.12
240.825,104.18
242.983,104.24
245.164,104.3
247.367,104.38
250.339,104.44
252.594,104.5
254.87,104.56
257.938,104.64
260.263,104.7
262.609,104.76
264.975,104.82
267.361,104.88
269.768,104.94
272.193,105
274.638,105.06
277.101,105.12
279.584,105.18
282.084,105.24
284.603,105.3
287.139,105.36
289.692,105.42
292.263,105.48
294.85,105.54
297.454,105.6
300.074,105.66
302.709,105.72
305.36,105.78
308.026,105.84
310.707,105.9
313.403,105.96
316.112,106.02
318.835,106.08
321.572,106.14
324.322,106.2
327.085,106.26
329.86,106.32
332.647,106.38
335.446,106.44
338.257,106.5
341.078,106.56
343.911,106.62
346.753,106.68
349.606,106.74
352.468,106.8
355.34,106.86
358.22,106.92
361.11,106.98
364.007,107.04
366.912,107.1
369.825,107.16
372.745,107.22
375.671,107.28
378.604,107.34
381.543,107.4
384.488,107.46
387.438,107.52
390.393,107.58
393.353,107.64
396.316,107.7
399.284,107.76
402.255,107.82
405.229,107.88
408.206,107.94
411.185,108
414.166,108.06
417.148,108.12
420.132,108.2
424.112,108.26
428.092,108.34
433.067,108.44
437.045,108.52
440.028,108.58
443.01,108.64
445.989,108.7
448.966,108.76
451.941,108.82
454.912,108.88
457.879,108.94
460.843,109
463.802,109.06
466.757,109.12
469.706,109.18
472.65,109.24
475.588,109.3
478.52,109.36
481.446,109.42
484.365,109.48
487.276,109.54
490.179,109.6
493.075,109.66
495.962,109.72
498.841,109.78
501.71,109.84
504.57,109.9
507.42,109.96
510.26,110.02
513.089,110.08
515.907,110.14
518.714,110.2
521.51,110.26
524.293,110.32
527.064,110.38
531.654,110.48
534.391,110.54
537.114,110.62
542.518,110.72
545.198,110.78
547.864,110.84
550.514,110.9
553.149,110.96
555.768,111.02
558.371,111.08
560.957,111.14
563.525,111.2
566.077,111.26
568.611,111.32
571.127,111.38
573.625,111.44
576.104,111.5
578.564,111.56
581.814,111.64
584.229,111.7
586.624,111.76
588.999,111.82
591.353,111.88
593.687,111.94
595.999,112
598.29,112.06
600.559,112.12
602.806,112.18
605.031,112.24
607.233,112.3
609.413,112.36
611.569,112.42
613.702,112.48
615.811,112.54
617.896,112.6
619.957,112.66
621.993,112.72
624.005,112.78
625.992,112.84
627.953,112.9
629.889,112.96
631.8,113.02
633.684,113.08
635.542,113.14
637.373,113.2
639.178,113.26
640.956,113.32
642.707,113.38
644.43,113.44
646.126,113.5
647.794,113.56
649.434,113.62
651.045,113.68
652.629,113.74
654.183,113.8
655.709,113.86
657.205,113.92
658.673,113.98
660.111,114.04
661.519,114.1
662.898,114.16
664.246,114.22
665.564,114.28
666.852,114.34
668.11,114.4
669.739,114.48
670.925,114.54
672.079,114.6
673.203,114.66
674.295,114.72
675.356,114.78
676.385,114.84
677.382,114.9
678.348,114.96
679.282,115.02
680.183,115.08
681.052,115.14
681.889,115.2
682.693,115.26
683.465,115.32
684.204,115.38
684.91,115.44
685.584,115.5
686.43,115.58
687.027,115.64
687.59,115.7
688.12,115.76
688.616,115.82
689.079,115.88
689.509,115.94
689.905,116
690.268,116.06
690.597,116.12
690.892,116.18
691.153,116.24
691.381,116.3
691.575,116.36
691.735,116.42
691.861,116.48
691.953,116.54
692.011,116.6
692.036,116.66
692.026,116.72
691.982,116.78
691.905,116.84
691.793,116.9
691.647,116.96
691.468,117.02
691.254,117.08
690.916,117.16
690.519,117.24
690.181,117.3
689.809,117.36
689.403,117.42
688.964,117.48
688.49,117.54
687.983,117.6
687.443,117.66
686.868,117.72
686.261,117.78
685.619,117.84
684.945,117.9
684.237,117.96
683.495,118.02
682.721,118.08
681.913,118.14
681.073,118.2
680.199,118.26
679.293,118.32
678.354,118.38
677.383,118.44
676.379,118.5
675.343,118.56
674.274,118.62
673.174,118.68
672.042,118.74
670.877,118.8
669.682,118.86
668.454,118.92
667.196,118.98
665.906,119.04
664.585,119.1
663.234,119.16
661.851,119.22
660.439,119.28
658.996,119.34
657.523,119.4
656.02,119.46
654.487,119.52
652.925,119.58
651.333,119.64
649.712,119.7
648.063,119.76
646.385,119.82
644.103,119.9
642.358,119.96
640.586,120.02
638.786,120.08
636.959,120.14
635.104,120.2
633.222,120.26
630.672,120.34
628.728,120.4
626.759,120.46
624.763,120.52
622.742,120.58
620.007,120.68
617.229,120.74
615.116,120.8
612.979,120.86
610.817,120.92
608.632,120.98
606.424,121.04
604.193,121.1
601.938,121.16
599.661,121.22
597.362,121.28
595.041,121.34
592.698,121.4
590.334,121.46
587.95,121.52
585.544,121.58
583.118,121.64
580.673,121.7
578.207,121.78
573.219,121.88
570.696,121.94
568.155,122
565.596,122.06
563.02,122.12
560.425,122.18
557.814,122.24
554.307,122.32
551.658,122.38
548.993,122.44
546.313,122.5
543.617,122.56
540.907,122.62
538.182,122.68
535.444,122.74
532.692,122.8
529.927,122.86
527.149,122.92
524.359,122.98
520.62,123.06
513.081,123.22
510.234,123.28
507.376,123.34
504.509,123.4
501.631,123.46
498.745,123.52
495.85,123.58
492.947,123.64
490.036,123.7
487.117,123.76
484.191,123.82
481.259,123.88
478.321,123.94
475.377,124
472.427,124.06
469.472,124.12
466.513,124.2
462.561,124.26
459.592,124.32
455.63,124.4
452.654,124.46
449.676,124.52
446.697,124.58
443.715,124.64
440.733,124.7
437.75,124.76
434.766,124.82
431.783,124.88
428.8,124.94
425.818,125
422.838,125.06
419.859,125.12
416.882,125.18
413.908,125.24
410.937,125.3
407.969,125.36
405.005,125.42
402.045,125.48
399.09,125.54
396.139,125.6
393.195,125.66
390.255,125.72
387.322,125.78
384.396,125.84
381.477,125.9
378.565,125.96
375.66,126.02
372.764,126.08
369.877,126.14
366.998,126.2
364.129,126.26
361.27,126.32
358.421,126.38
355.582,126.44
352.754,126.5
349.938,126.56
347.133,126.62
344.341,126.68
341.561,126.74
338.793,126.8
336.039,126.86
333.299,126.92
330.573,126.98
327.861,127.04
325.164,127.1
322.482,127.16
319.815,127.22
317.165,127.28
314.53,127.34
311.912,127.4
309.312,127.46
306.728,127.52
304.162,127.58
301.615,127.64
299.086,127.7
296.575,127.76
293.258,127.84
290.793,127.9
288.347,127.94
286.728,128
283.518,128.08
281.134,128.14
278.772,128.2
276.431,128.26
274.113,128.32
271.816,128.38
269.543,128.44
267.292,128.5
265.064,128.56
262.861,128.62
260.681,128.68
258.525,128.74
256.394,128.8
254.288,128.86
252.207,128.92
250.151,128.98
248.122,129.04
246.118,129.1
244.141,129.16
228.723,129.66
227.002,129.72
225.309,129.78
223.645,129.84
222.009,129.9
220.403,129.96
218.826,130.02
217.279,130.08
215.763,130.14
214.278,130.2
212.824,130.26
211.402,130.32
210.011,130.38
208.652,130.44
207.325,130.5
206.031,130.56
204.769,130.62
203.54,130.68
202.344,130.74
201.182,130.8
200.053,130.86
198.957,130.92
197.896,130.98
196.868,131.04
195.875,131.1
194.916,131.16
193.992,131.22
193.102,131.28
192.248,131.34
191.428,131.4
190.644,131.46
189.895,131.52
189.182,131.58
188.504,131.64
187.863,131.7
187.257,131.76
186.688,131.82
186.154,131.88
185.658,131.94
185.197,132
184.774,132.06
184.387,132.12
184.037,132.18
183.724,132.24
183.449,132.3
183.21,132.36
183.009,132.42
182.845,132.48
182.719,132.54
182.63,132.6
182.578,132.66
182.565,132.72
182.589,132.78
182.651,132.84
182.751,132.9
182.889,132.96
183.065,133.02
183.279,133.08
183.531,133.14
183.821,133.2
184.149,133.26
184.516,133.32
184.92,133.38
185.362,133.44
185.843,133.5
186.361,133.56
186.918,133.62
187.512,133.68
188.144,133.76
189.047,133.82
189.767,133.88
190.526,133.94
191.322,134
192.156,134.06
194.883,134.24
195.867,134.34
197.589,134.4
198.673,134.46
199.793,134.52
200.95,134.58
202.143,134.64
203.374,134.7
204.64,134.76
205.943,134.82
207.736,134.9
209.123,134.96
210.545,135.02
212.003,135.08
213.496,135.14
215.025,135.2
216.589,135.26
218.187,135.32
219.82,135.38
222.051,135.46
223.764,135.52
225.51,135.58
227.291,135.64
229.105,135.7
230.952,135.76
232.832,135.82
234.745,135.88
236.69,135.94
238.667,136
240.677,136.06
242.718,136.12
244.79,136.18
246.894,136.24
249.028,136.3
251.193,136.36
253.388,136.44
256.361,136.5
258.626,136.56
260.92,136.62
263.242,136.68
265.594,136.74
267.973,136.8
270.381,136.86
272.816,136.94
276.105,137
278.603,137.06
281.128,137.12
283.679,137.18
287.12,137.26
289.73,137.32
293.249,137.4
295.917,137.46
298.61,137.52
301.325,137.58
304.065,137.64
306.827,137.7
309.611,137.76
312.418,137.82
315.246,137.88
318.095,137.94
320.966,138
323.856,138.06
326.767,138.12
328.718,138.14
328.718,138.14
328.718,138.14
330.678,138.2
333.634,138.26
336.608,138.32
340.602,138.4
344.627,138.48
347.666,138.54
350.722,138.6
353.794,138.66
356.882,138.72
359.985,138.78
363.102,138.84
366.235,138.9
369.381,138.96
372.54,139.02
375.712,139.08
378.897,139.14
382.094,139.2
385.303,139.26
388.523,139.32
391.753,139.38
394.993,139.44
398.244,139.5
401.503,139.56
404.771,139.62
408.047,139.68
411.332,139.74
414.623,139.8
417.922,139.86
421.226,139.92
424.537,139.98
427.853,140.04
431.173,140.1
434.499,140.16
437.828,140.22
441.16,140.28
444.496,140.34
447.834,140.4
451.174,140.46
454.515,140.52
457.857,140.58
461.2,140.64
464.543,140.7
467.885,140.76
471.226,140.84
475.679,140.9
479.016,140.96
482.351,141.02
485.682,141.08
489.011,141.14
492.335,141.2
495.654,141.26
498.968,141.32
502.277,141.38
505.58,141.44
508.876,141.5
512.165,141.56
515.447,141.62
518.721,141.68
521.986,141.74
525.243,141.8
528.49,141.86
531.727,141.92
534.953,141.98
538.169,142.04
541.374,142.1
544.567,142.16
547.748,142.24
554.07,142.34
557.212,142.4
560.339,142.46
563.452,142.52
566.551,142.58
569.634,142.64
572.701,142.7
575.751,142.76
578.785,142.82
581.802,142.88
584.801,142.94
587.781,143
590.743,143.06
593.687,143.12
596.61,143.18
599.514,143.24
602.398,143.3
605.261,143.36
608.103,143.42
610.923,143.48
613.722,143.54
616.498,143.6
619.251,143.66
621.981,143.72
624.687,143.78
627.37,143.84
630.028,143.9
632.662,143.96
635.27,144.02
637.853,144.08
640.41,144.14
642.941,144.2
645.445,144.26
647.922,144.32
650.372,144.38
653.595,144.46
655.979,144.52
658.336,144.58
660.663,144.64
662.961,144.7
665.23,144.76
667.468,144.82
669.677,144.88
671.855,144.94
674.002,145
676.118,145.06
678.203,145.12
680.256,145.18
682.276,145.24
684.265,145.3
686.221,145.36
688.143,145.44
690.655,145.5
693.108,145.58
694.907,145.64
696.673,145.7
698.404,145.76
700.1,145.82
701.762,145.88
703.388,145.94
704.979,146
706.534,146.06
708.054,146.12
709.538,146.18
710.987,146.24
712.4,146.3
713.778,146.36
715.12,146.42
716.427,146.48
717.699,146.54
718.935,146.6
720.136,146.66
721.301,146.72
722.432,146.78
723.526,146.84
724.586,146.9
725.61,146.96
726.921,147.04
727.863,147.1
728.77,147.16
729.642,147.22
730.478,147.28
731.279,147.34
732.045,147.4
732.776,147.46
733.472,147.52
734.132,147.58
734.758,147.64
735.348,147.7
735.903,147.76
736.423,147.82
736.908,147.88
737.358,147.94
737.772,148
738.152,148.06
738.497,148.12
738.806,148.18
739.081,148.24
739.32,148.3
739.524,148.38
739.742,148.44
739.865,148.5
739.952,148.56
740.005,148.62
740.022,148.68
740.004,148.74
739.952,148.8
739.864,148.86
739.741,148.92
739.583,148.98
739.39,149.04
739.162,149.1
738.9,149.16
738.602,149.22
738.269,149.28
737.901,149.34
737.209,149.44
736.748,149.5
736.252,149.56
735.72,149.62
734.957,149.7
734.344,149.76
733.696,149.82
733.014,149.88
732.296,149.94
731.543,150
730.755,150.06
729.933,150.12
729.075,150.18
728.183,150.24
727.256,150.3
726.294,150.36
725.297,150.42
724.265,150.48
723.198,150.54
722.097,150.6
720.961,150.66
719.79,150.72
718.584,150.78
717.343,150.84
716.068,150.9
714.758,150.96
713.414,151.02
712.034,151.08
710.62,151.14
709.172,151.2
707.689,151.26
706.171,151.32
704.619,151.38
703.032,151.44
701.41,151.5
699.754,151.56
698.064,151.62
696.339,151.68
694.58,151.74
692.786,151.8
690.958,151.86
689.096,151.92
687.201,151.98
685.271,152.04
683.309,152.1
681.313,152.16
679.285,152.22
677.224,152.28
675.131,152.34
672.291,152.42
670.124,152.48
667.926,152.54
665.697,152.6
663.438,152.66
661.149,152.72
658.83,152.78
654.9,152.88
651.698,152.96
649.264,153.02
646.801,153.08
644.312,153.14
641.794,153.2
639.251,153.26
636.68,153.32
632.339,153.42
629.701,153.48
627.037,153.54
624.349,153.6
621.637,153.66
618.902,153.72
616.143,153.78
613.362,153.84
610.558,153.9
607.732,153.96
604.885,154.04
601.056,154.1
598.161,154.16
595.246,154.22
592.311,154.28
589.358,154.34
586.386,154.4
583.395,154.48
579.381,154.54
576.351,154.6
573.304,154.66
570.241,154.72
567.162,154.78
564.068,154.84
559.921,154.92
554.702,155.02
551.552,155.08
548.39,155.14
545.216,155.2
542.03,155.26
537.764,155.34
534.553,155.4
530.255,155.48
527.021,155.54
523.778,155.6
520.527,155.66
517.267,155.72
514.001,155.78
510.727,155.84
507.447,155.9
504.162,155.96
500.871,156.02
497.575,156.08
494.276,156.14
490.972,156.2
487.665,156.26
484.356,156.32
481.045,156.38
477.731,156.44
474.417,156.5
471.102,156.56
467.787,156.62
464.473,156.68
461.159,156.74
457.847,156.8
453.435,156.88
450.128,156.94
446.824,157
443.525,157.06
440.229,157.12
436.938,157.18
433.652,157.24
430.372,157.3
427.098,157.36
422.743,157.44
419.486,157.5
416.237,157.56
412.995,157.62
409.763,157.68
406.54,157.74
400.125,157.86
396.934,157.92
393.754,157.98
390.585,158.04
387.429,158.1
384.286,158.16
381.156,158.22
378.039,158.28
374.938,158.34
371.851,158.4
368.779,158.46
365.724,158.52
362.684,158.58
359.662,158.64
356.656,158.7
353.669,158.76
350.7,158.82
347.749,158.88
344.818,158.94
341.906,159
339.015,159.06
336.144,159.12
334.241,159.16
332.348,159.18
330.465,159.24
327.659,159.3
324.874,159.36
322.113,159.42
319.375,159.48
316.661,159.54
313.971,159.6
311.306,159.66
308.665,159.72
306.05,159.78
303.461,159.84
300.049,159.92
297.522,159.98
295.022,160.04
292.549,160.1
290.105,160.16
287.689,160.22
285.301,160.28
282.943,160.34
280.615,160.4
278.316,160.46
276.048,160.52
273.81,160.58
271.604,160.64
269.429,160.7
267.286,160.76
265.175,160.82
263.097,160.88
261.052,160.94
259.04,161
257.062,161.06
255.117,161.12
253.207,161.18
251.332,161.24
249.491,161.3
247.686,161.36
245.916,161.42
244.183,161.48
242.485,161.54
240.824,161.6
239.2,161.66
237.613,161.72
236.063,161.78
234.552,161.84
233.078,161.9
231.642,161.96
230.245,162.02
228.886,162.08
227.567,162.14
226.287,162.2
225.047,162.26
223.846,162.32
222.686,162.38
221.565,162.44
220.486,162.5
219.447,162.56
218.448,162.62
217.492,162.68
216.576,162.74
215.702,162.8
214.87,162.86
214.08,162.92
213.332,162.98
212.626,163.04
211.963,163.1
211.343,163.16
210.765,163.22
210.231,163.28
209.739,163.34
209.291,163.4
208.887,163.46
208.526,163.52
208.209,163.58
207.936,163.64
207.706,163.7
207.521,163.76
207.38,163.82
207.283,163.88
207.231,163.96
207.231,164.02
207.282,164.08
207.379,164.14
207.52,164.2
207.778,164.28
208.023,164.34
208.314,164.4
208.65,164.46
209.03,164.52
209.456,164.58
209.926,164.64
210.441,164.7
211.002,164.76
211.607,164.82
212.256,164.88
212.951,164.94
213.69,165
214.474,165.06
215.303,165.12
216.175,165.18
217.093,165.24
218.384,165.32
219.405,165.38
220.469,165.44
221.578,165.5
222.73,165.56
223.925,165.62
225.164,165.68
226.447,165.74
227.772,165.8
229.141,165.86
230.552,165.92
232.006,165.98
233.502,166.04
235.04,166.1
236.62,166.16
238.242,166.22
239.905,166.28
241.61,166.34
243.355,166.4
245.141,166.46
246.968,166.52
248.835,166.58
250.741,166.64
252.688,166.7
254.673,166.76
256.698,166.82
258.761,166.88
260.863,166.94
263.003,167
265.181,167.06
267.396,167.12
269.647,167.2
272.707,167.26
275.044,167.32
277.417,167.38
279.825,167.44
282.269,167.5
284.747,167.56
287.259,167.62
289.805,167.68
292.385,167.74
294.998,167.8
297.643,167.86
300.321,167.92
303.03,167.98
305.771,168.04
308.542,168.1
311.344,168.16
314.176,168.22
317.037,168.28
319.928,168.34
322.847,168.4
326.782,168.48
329.765,168.54
332.776,168.6
335.813,168.66
338.876,168.72
341.965,168.78
345.078,168.84
348.216,168.9
351.377,168.96
354.562,169.02
357.769,169.08
360.999,169.14
364.25,169.2
367.523,169.26
370.816,169.32
374.129,169.38
377.462,169.44
381.935,169.52
385.311,169.58
388.705,169.64
392.115,169.7
395.543,169.76
398.986,169.82
402.444,169.88
405.917,169.94
409.405,170
412.905,170.06
416.419,170.12
419.945,170.18
423.483,170.24
427.032,170.3
430.591,170.36
434.161,170.42
437.739,170.48
441.327,170.54
444.922,170.6
448.525,170.66
452.135,170.72
455.752,170.78
459.374,170.84
463.001,170.9
466.632,170.96
470.267,171.02
473.906,171.08
477.547,171.14
481.19,171.2
484.834,171.26
488.479,171.32
492.125,171.38
495.769,171.44
499.413,171.5
503.055,171.56
506.695,171.62
510.331,171.68
513.964,171.74
517.593,171.8
521.217,171.86
524.836,171.92
528.449,171.98
532.055,172.04
535.654,172.1
539.245,172.16
542.827,172.22
546.401,172.28
549.965,172.34
553.518,172.4
557.061,172.46
560.592,172.52
564.111,172.58
567.618,172.64
571.111,172.7
574.591,172.76
578.056,172.82
581.506,172.88
584.941,172.94
588.359,173
591.761,173.06
595.146,173.12
598.512,173.18
604.082,173.28
607.399,173.34
610.696,173.4
613.972,173.46
617.228,173.52
620.462,173.58
623.674,173.68
628.977,173.74
633.174,173.82
635.256,173.86
638.359,173.92
641.436,173.98
644.488,174.04
647.514,174.1
650.513,174.16
653.485,174.26
658.378,174.32
661.275,174.38
664.144,174.44
666.984,174.5
669.793,174.56
672.573,174.62
675.321,174.68
678.039,174.74
680.725,174.8
683.378,174.86
685.999,174.92
688.588,174.98
691.142,175.04
693.663,175.1
696.15,175.16
698.602,175.24
701.816,175.3
704.186,175.36
706.519,175.42
708.816,175.48
711.077,175.54
713.302,175.6
715.491,175.66
717.644,175.72
719.76,175.78
721.84,175.84
723.885,175.9
725.893,175.96
727.866,176.02
729.802,176.08
731.703,176.14
733.567,176.2
735.396,176.26
737.189,176.32
738.946,176.38
740.668,176.44
742.354,176.5
744.004,176.56
745.618,176.62
747.197,176.68
748.74,176.74
750.248,176.8
751.72,176.86
753.156,176.92
754.557,176.98
755.922,177.04
757.252,177.1
758.547,177.16
759.806,177.26
761.826,177.32
762.99,177.38
764.12,177.44
765.214,177.5
765.924,177.52
766.618,177.58
767.629,177.64
768.606,177.7
769.547,177.76
770.452,177.82
771.323,177.88
772.158,177.94
772.959,178
773.724,178.06
774.453,178.12
775.148,178.18
775.808,178.24
776.432,178.3
777.021,178.36
777.575,178.42
778.094,178.48
778.578,178.54
779.027,178.6
779.44,178.66
779.819,178.72
780.163,178.78
780.471,178.84
780.744,178.9
780.983,178.96
781.186,179.02
781.354,179.08
781.487,179.14
781.585,179.2
781.649,179.26
781.677,179.32
781.67,179.38
781.628,179.44
781.55,179.5
781.438,179.56
781.291,179.62
781.109,179.68
780.892,179.74
780.639,179.8
780.352,179.86
780.03,179.92
779.673,179.98
779.28,180.04
778.703,180.12
778.229,180.18
777.72,180.24
777.176,180.3
776.597,180.36
775.983,180.42
775.334,180.48
774.651,180.54
773.932,180.6
773.179,180.66
772.39,180.72
771.567,180.78
770.708,180.84
769.815,180.9
768.887,180.96
767.925,181.02
766.927,181.08
765.895,181.14
764.464,181.22
763.351,181.28
762.202,181.34
761.019,181.4
759.802,181.46
758.549,181.52
757.262,181.58
755.941,181.64
754.584,181.7
753.193,181.76
751.768,181.82
750.308,181.88
748.813,181.94
747.284,182
745.72,182.06
744.122,182.12
742.49,182.2
740.259,182.26
738.546,182.32
736.799,182.38
735.018,182.44
733.202,182.5
731.352,182.56
729.468,182.62
727.549,182.68
725.596,182.74
723.609,182.8
721.588,182.86
719.533,182.92
717.444,182.98
715.321,183.04
713.164,183.1
710.972,183.16
708.747,183.22
706.488,183.28
704.195,183.34
701.869,183.4
699.508,183.46
697.114,183.52
694.686,183.58
692.224,183.64
689.729,183.7
687.201,183.76
684.639,183.82
682.045,183.88
679.418,183.94
676.76,184
674.07,184.06
671.349,184.12
668.598,184.2
664.883,184.26
662.062,184.32
659.212,184.38
656.334,184.44
653.428,184.5
650.495,184.56
647.534,184.62
644.547,184.68
641.535,184.74
638.497,184.8
635.435,184.86
632.348,184.92
629.238,184.98
626.104,185.04
622.949,185.1
619.771,185.16
616.572,185.22
613.352,185.28
610.112,185.34
606.852,185.4
603.573,185.46
600.276,185.52
596.961,185.58
593.629,185.64
590.28,185.7
586.915,185.76
583.534,185.82
580.139,185.88
576.729,185.94
573.305,186
569.869,186.06
566.42,186.12
562.96,186.2
558.328,186.26
554.842,186.32
551.347,186.38
547.842,186.44
544.329,186.5
540.807,186.56
537.279,186.62
533.744,186.68
530.203,186.74
526.657,186.8
523.105,186.86
519.55,186.92
515.991,186.98
512.43,187.04
508.866,187.1
505.301,187.16
501.734,187.22
498.168,187.28
494.602,187.34
491.036,187.4
487.473,187.46
482.725,187.54
477.982,187.62
473.246,187.7
469.7,187.76
466.158,187.82
462.623,187.88
459.094,187.94
455.572,188
452.058,188.06
448.552,188.12
445.056,188.18
441.569,188.24
438.093,188.3
434.627,188.36
431.174,188.42
427.732,188.48
424.303,188.54
420.888,188.6
417.487,188.66
414.1,188.72
410.728,188.78
407.373,188.84
404.033,188.9
400.711,188.96
397.406,189.02
394.12,189.08
390.852,189.14
387.604,189.2
384.376,189.26
381.168,189.32
377.981,189.38
374.816,189.44
371.674,189.5
368.554,189.56
365.457,189.62
362.384,189.68
359.336,189.74
356.313,189.8
353.315,189.86
350.343,189.92
347.398,189.98
344.481,190.04
341.59,190.1
338.729,190.16
334.957,190.24
332.163,190.3
329.399,190.36
326.666,190.42
323.963,190.48
321.291,190.54
318.652,190.6
316.045,190.66
313.47,190.72
310.929,190.78
308.422,190.84
305.95,190.9
303.512,190.96
301.109,191.02
298.742,191.08
295.642,191.16
293.36,191.22
291.116,191.28
288.908,191.34
286.739,191.46
281.143,191.58
278.45,191.64
276.476,191.7
274.542,191.78
272.027,191.84
270.189,191.9
268.392,191.96
266.637,192.02
264.925,192.08
263.255,192.14
261.629,192.2
260.045,192.26
258.506,192.32
257.011,192.38
255.56,192.44
254.154,192.5
252.793,192.56
251.477,192.62
250.207,192.68
248.983,192.74
247.805,192.8
246.674,192.86
245.59,192.92
244.552,192.98
243.562,193.04
242.62,193.1
241.725,193.16
240.607,193.24
239.824,193.3
239.091,193.36
238.406,193.42
237.77,193.48
237.183,193.56
236.477,193.62
236.005,193.68
235.584,193.74
235.212,193.8
234.89,193.86
234.619,193.92
234.398,193.98
234.227,194.04
234.108,194.1
234.038,194.16
234.02,194.22
234.053,194.28
234.137,194.34
234.272,194.4
234.458,194.46
234.696,194.52
234.985,194.58
235.325,194.64
235.717,194.7
236.16,194.76
236.655,194.82
237.201,194.88
237.798,194.94
238.447,195
239.147,195.06
239.897,195.12
240.978,195.2
241.848,195.26
242.769,195.32
243.741,195.38
244.763,195.44
245.836,195.5
246.959,195.56
248.133,195.62
249.356,195.68
250.629,195.74
252.404,195.82
253.793,195.88
255.231,195.94
256.718,196
258.254,196.06
259.838,196.12
262.025,196.2
263.721,196.26
265.465,196.32
267.256,196.38
269.094,196.44
270.979,196.5
272.91,196.56
274.887,196.62
276.909,196.68
278.977,196.74
281.09,196.8
283.247,196.86
285.448,196.92
287.694,196.98
289.982,197.04
292.313,197.1
294.687,197.16
297.103,197.22
299.561,197.28
302.06,197.34
304.599,197.4
307.179,197.48
310.68,197.54
313.352,197.6
316.062,197.66
318.811,197.72
321.597,197.78
324.42,197.84
327.28,197.9
330.176,197.96
333.107,198.02
336.073,198.08
339.073,198.14
342.107,198.2
345.174,198.26
348.274,198.32
351.405,198.38
354.569,198.44
357.762,198.5
360.986,198.56
364.24,198.62
367.522,198.68
370.833,198.74
374.171,198.8
377.537,198.86
380.928,198.92
384.346,198.98
387.788,199.04
391.255,199.1
394.745,199.16
398.259,199.22
401.794,199.3
406.542,199.36
410.127,199.42
413.732,199.48
417.357,199.54
419.784,199.58
423.439,199.64
427.111,199.7
430.8,199.76
434.505,199.82
438.225,199.88
441.96,199.94
445.709,200
449.47,200.06
453.244,200.12
457.03,200.18
460.826,200.24
464.633,200.3
468.449,200.36
472.273,200.42
476.106,200.48
479.945,200.54
483.791,200.6
487.643,200.66
491.5,200.72
495.36,200.78
499.225,200.84
503.091,200.9
506.96,200.96
510.83,201.02
514.701,201.08
518.57,201.14
522.439,201.2
526.306,201.26
530.171,201.32
534.032,201.38
537.889,201.44
541.741,201.5
545.588,201.56
549.428,201.62
553.261,201.68
557.087,201.74
560.904,201.8
565.978,201.88
569.772,201.94
573.556,202
577.328,202.06
581.087,202.12
584.833,202.18
588.566,202.24
592.283,202.3
595.986,202.36
599.672,202.42
603.342,202.48
606.994,202.54
610.628,202.6
614.244,202.66
617.84,202.72
621.415,202.78
624.97,202.84
628.504,202.92
633.18,202.98
638.967,203.08
642.408,203.14
645.825,203.2
649.216,203.26
652.581,203.32
655.92,203.38
659.231,203.44
662.514,203.5
665.768,203.56
668.993,203.62
672.188,203.68
675.353,203.74
678.487,203.8
681.588,203.86
684.658,203.92
687.694,203.98
690.697,204.04
693.666,204.1
696.601,204.16
699.5,204.22
702.364,204.28
705.192,204.34
707.982,204.4
710.736,204.46
713.453,204.52
716.133,204.58
718.777,204.64
721.383,204.7
723.952,204.76
726.485,204.82
728.981,204.88
731.44,204.94
733.863,205
736.249,205.06
738.599,205.12
740.912,205.18
743.189,205.24
745.429,205.3
747.633,205.36
749.801,205.42
751.933,205.48
754.028,205.54
758.776,205.68
760.751,205.74
762.69,205.8
764.593,205.86
766.46,205.92
768.29,205.98
770.085,206.04
771.844,206.1
773.568,206.16
775.255,206.22
776.907,206.28
778.523,206.34
780.103,206.4
781.647,206.46
783.156,206.52
784.629,206.58
786.067,206.64
787.469,206.7
788.835,206.76
790.166,206.82
791.462,206.88
792.722,206.94
793.946,207
795.135,207.06
796.289,207.12
797.407,207.18
798.49,207.24
799.538,207.3
800.55,207.36
801.527,207.42
802.469,207.48
803.375,207.54
804.246,207.6
805.082,207.66
805.883,207.72
806.648,207.78
807.379,207.84
808.074,207.9
808.734,207.96
809.358,208.02
809.755,208.04
810.137,208.1
810.853,208.18
811.349,208.24
811.81,208.3
812.235,208.36
812.626,208.42
812.982,208.48
813.302,208.54
813.588,208.6
813.838,208.66
814.054,208.72
814.234,208.78
814.379,208.84
814.489,208.9
814.564,208.96
814.605,209.02
814.61,209.08
814.58,209.14
814.515,209.2
814.415,209.26
814.28,209.32
814.11,209.38
813.905,209.44
813.664,209.5
813.389,209.56
813.079,209.62
812.734,209.68
812.354,209.74
811.939,209.8
811.489,209.86
811.003,209.92
810.483,209.98
809.928,210.04
809.338,210.1
808.713,210.16
808.054,210.22
807.359,210.28
806.629,210.34
805.865,210.4
805.065,210.46
804.231,210.52
803.362,210.58
802.458,210.64
801.519,210.7
800.545,210.76
799.537,210.82
798.494,210.88
797.416,210.94
796.304,211
795.156,211.06
793.974,211.12
792.758,211.18
791.506,211.24
790.221,211.3
788.9,211.36
787.545,211.42
786.155,211.48
784.731,211.54
783.273,211.6
781.78,211.66
780.252,211.72
778.69,211.78
777.094,211.84
775.463,211.9
773.798,211.96
771.525,212.04
769.78,212.1
768,212.16
766.187,212.22
764.339,212.28
761.823,212.36
759.895,212.42
757.934,212.48
755.939,212.54
753.909,212.6
751.846,212.66
749.749,212.72
747.618,212.78
745.453,212.84
743.254,212.9
741.022,212.96
738.755,213.02
736.455,213.08
734.122,213.14
731.754,213.2
729.354,213.26
726.919,213.32
724.452,213.38
721.95,213.44
719.416,213.5
716.848,213.56
714.246,213.62
711.612,213.68
708.944,213.74
706.243,213.8
703.508,213.86
700.741,213.92
697.941,213.98
694.156,214.06
691.279,214.12
688.369,214.18
685.426,214.24
682.451,214.3
679.445,214.36
676.407,214.42
673.339,214.48
670.241,214.54
667.113,214.6
663.957,214.66
660.772,214.72
657.559,214.78
654.32,214.84
651.054,214.9
647.763,214.96
644.447,215.02
639.987,215.1
636.615,215.16
633.221,215.22
629.804,215.28
626.366,215.34
622.907,215.4
619.429,215.46
615.931,215.52
612.415,215.58
608.881,215.64
605.33,215.7
601.763,215.76
598.18,215.82
594.582,215.88
590.971,215.94
587.346,216
583.708,216.06
580.058,216.12
576.398,216.18
572.727,216.24
569.046,216.3
565.356,216.36
561.658,216.42
557.953,216.48
554.241,216.54
550.524,216.6
546.801,216.66
541.83,216.74
538.098,216.8
534.364,216.86
530.627,216.92
526.89,216.98
523.152,217.04
519.414,217.1
515.678,217.16
511.943,217.22
508.211,217.28
504.482,217.34
500.758,217.4
497.038,217.46
493.325,217.52
489.617,217.58
485.917,217.64
482.224,217.7
478.54,217.76
474.866,217.82
471.202,217.88
467.548,217.94
463.906,218
460.277,218.06
456.66,218.12
451.859,218.2
448.276,218.26
444.708,218.32
439.976,218.42
434.104,218.5
430.604,218.56
427.124,218.62
423.662,218.68
420.221,218.74
416.801,218.8
413.403,218.86
410.027,218.92
406.675,218.98
403.346,219.04
400.041,219.1
396.762,219.16
393.508,219.22
390.281,219.28
387.081,219.34
383.909,219.4
380.766,219.46
377.651,219.52
374.567,219.6
370.501,219.66
367.488,219.72
364.507,219.78
361.558,219.84
358.642,219.9
355.76,219.96
352.912,220.02
350.098,220.08
347.321,220.14
344.579,220.2
341.874,220.26
339.205,220.32
336.575,220.38
333.982,220.44
331.429,220.5
328.915,220.56
326.44,220.62
324.006,220.68
321.613,220.74
319.262,220.8
316.952,220.88
313.938,220.94
311.728,221
309.562,221.06
307.439,221.14
304.678,221.2
302.66,221.26
300.041,221.34
298.13,221.4
296.265,221.46
294.448,221.52
292.678,221.58
290.955,221.64
289.281,221.7
287.656,221.76
286.08,221.82
284.553,221.88
283.075,221.94
281.649,222
280.272,222.06
278.947,222.12
276.449,222.24
275.278,222.3
274.16,222.36
273.093,222.42
272.079,222.48
271.119,222.54
270.211,222.6
269.357,222.66
268.557,222.72
267.812,222.78
267.12,222.84
266.483,222.9
265.901,222.96
265.375,223.02
264.903,223.08
264.361,223.16
264.019,223.22
263.574,223.32
263.33,223.44
263.166,223.5
263.144,223.56
263.177,223.62
263.268,223.68
263.416,223.74
263.621,223.8
263.883,223.86
264.202,223.92
264.579,223.98
265.013,224.04
265.504,224.1
266.052,224.16
266.657,224.22
267.32,224.28
268.039,224.34
268.816,224.4
269.649,224.46
270.54,224.52
271.486,224.58
272.49,224.64
273.549,224.7
274.665,224.76
275.837,224.82
277.065,224.88
278.348,224.94
279.687,225
282.041,225.1
283.526,225.16
285.066,225.22
286.661,225.28
288.309,225.34
290.011,225.4
291.766,225.46
293.574,225.52
295.434,225.58
297.347,225.64
299.312,225.7
301.328,225.76
303.395,225.82
305.512,225.88
307.68,225.94
309.897,226
312.164,226.06
314.48,226.12
316.843,226.18
319.255,226.24
321.714,226.3
324.22,226.36
326.772,226.42
329.369,226.48
332.012,226.54
334.7,226.6
337.431,226.66
340.206,226.72
343.024,226.78
345.884,226.84
348.785,226.92
352.718,226.98
356.721,227.06
359.77,227.14
363.895,227.2
367.034,227.26
370.209,227.32
373.421,227.38
376.668,227.44
379.95,227.5
383.267,227.56
386.616,227.62
389.999,227.68
393.413,227.74
396.858,227.8
400.334,227.86
403.839,227.92
410.936,228.04
414.525,228.1
418.142,228.16
423.005,228.24
426.681,228.3
430.381,228.36
437.849,228.48
441.616,228.54
445.404,228.6
449.211,228.66
453.038,228.72
456.883,228.78
460.744,228.84
464.622,228.9
471.118,229
475.035,229.06
478.965,229.12
482.907,229.18
486.86,229.24
490.824,229.3
494.798,229.36
498.78,229.42
502.769,229.48
506.766,229.54
510.768,229.6
514.775,229.66
518.786,229.72
522.801,229.78
526.818,229.84
530.836,229.9
534.855,229.96
540.212,230.04
544.229,230.1
552.255,230.22
556.262,230.28
560.265,230.34
564.263,230.4
568.254,230.46
572.237,230.52
576.212,230.58
580.178,230.64
584.133,230.7
588.077,230.76
592.008,230.82
595.927,230.88
599.832,230.94
603.723,231
607.598,231.06
611.456,231.12
615.298,231.18
619.121,231.24
622.926,231.3
626.711,231.36
630.475,231.42
634.218,231.48
637.939,231.54
641.637,231.6
645.311,231.66
648.961,231.72
652.585,231.78
656.183,231.84
660.939,231.92
664.474,231.98
667.98,232.04
671.457,232.1
674.904,232.16
678.32,232.22
681.704,232.28
685.056,232.36
689.474,232.42
692.748,232.48
695.987,232.54
699.191,232.6
702.359,232.66
705.491,232.72
708.585,232.78
711.641,232.84
714.66,232.9
717.641,232.96
720.584,233.02
723.49,233.08
727.305,233.18
731.055,233.24
733.823,233.3
736.554,233.36
739.248,233.42
741.905,233.48
744.525,233.54
747.107,233.6
749.653,233.66
752.162,233.72
754.633,233.78
757.068,233.84
759.467,233.92
762.607,233.98
765.683,234.06
767.946,234.12
770.174,234.18
772.365,234.24
774.519,234.3
776.637,234.36
778.718,234.42
780.764,234.48
782.773,234.54
784.746,234.6
786.682,234.66
788.583,234.72
790.447,234.78
792.276,234.84
794.068,234.9
795.825,234.96
797.545,235.02
799.23,235.08
800.878,235.14
802.491,235.2
804.068,235.26
805.609,235.32
807.115,235.38
808.585,235.44
810.019,235.5
811.418,235.56
812.781,235.62
814.108,235.68
815.4,235.74
816.656,235.8
817.877,235.86
819.062,235.92
820.212,235.98
821.326,236.04
822.405,236.1
823.449,236.16
824.457,236.22
825.43,236.28
826.368,236.34
827.27,236.4
828.137,236.46
829.239,236.54
830.023,236.6
830.773,236.66
831.487,236.72
832.167,236.78
832.811,236.84
833.42,236.9
833.993,236.96
834.532,237.02
835.035,237.08
835.504,237.14
835.937,237.2
836.335,237.24
836.581,237.3
836.921,237.36
837.226,237.42
837.495,237.48
837.73,237.54
837.929,237.6
838.094,237.66
838.223,237.72
838.317,237.78
838.377,237.84
838.401,237.9
838.379,237.98
838.321,238.04
838.229,238.1
837.997,238.2
837.811,238.26
837.59,238.32
837.334,238.38
837.043,238.44
836.717,238.5
836.356,238.56
835.96,238.62
835.529,238.68
835.063,238.74
834.563,238.8
834.027,238.86
833.456,238.92
832.85,238.98
832.21,239.04
831.534,239.1
830.824,239.16
830.079,239.22
829.298,239.28
828.484,239.34
827.634,239.4
826.749,239.46
825.83,239.52
824.876,239.58
823.887,239.64
822.863,239.7
821.805,239.76
820.712,239.82
819.584,239.88
818.421,239.94
817.224,240
815.993,240.06
814.727,240.12
813.426,240.18
812.091,240.24
810.721,240.3
809.317,240.36
807.878,240.42
806.405,240.48
804.898,240.54
803.356,240.6
801.78,240.66
800.169,240.72
798.524,240.78
796.846,240.84
795.132,240.9
793.385,240.96
791.604,241.02
789.788,241.08
787.939,241.14
786.055,241.2
784.138,241.26
782.186,241.32
780.201,241.38
778.182,241.44
776.129,241.5
774.042,241.56
771.921,241.62
769.767,241.68
767.579,241.74
765.357,241.8
763.102,241.86
760.813,241.92
758.491,241.98
756.136,242.04
753.746,242.1
751.324,242.16
748.868,242.22
746.38,242.28
743.857,242.34
741.302,242.4
738.714,242.46
735.211,242.54
732.546,242.6
729.847,242.66
727.116,242.72
724.352,242.78
721.555,242.84
718.725,242.9
715.863,242.96
712.968,243.02
710.041,243.08
707.081,243.14
704.088,243.2
701.063,243.26
698.006,243.32
695.95,243.36
692.839,243.42
689.696,243.48
686.521,243.56
682.239,243.62
678.991,243.68
675.713,243.76
671.297,243.82
667.951,243.88
664.577,243.94
661.175,244
657.748,244.06
654.294,244.14
649.651,244.2
646.14,244.26
642.607,244.32
636.668,244.42
633.077,244.48
629.466,244.54
625.835,244.6
622.186,244.66
618.519,244.72
614.836,244.78
611.137,244.84
607.422,244.9
603.694,244.96
599.952,245.02
596.199,245.08
592.433,245.18
577.273,245.38
573.462,245.44
569.644,245.52
564.543,245.58
560.711,245.64
556.875,245.7
553.036,245.76
549.195,245.82
545.354,245.88
541.512,245.94
537.671,246
533.833,246.06
529.997,246.12
526.164,246.18
522.336,246.24
518.514,246.3
514.698,246.36
510.889,246.42
507.089,246.48
503.297,246.54
499.515,246.6
495.744,246.66
491.984,246.72
488.237,246.78
484.503,246.84
480.783,246.9
477.078,246.96
472.162,247.04
468.495,247.1
464.846,247.16
461.215,247.22
457.603,247.28
454.012,247.34
450.442,247.4
446.893,247.46
443.367,247.52
439.865,247.58
436.387,247.64
432.933,247.7
429.506,247.76
426.105,247.82
422.732,247.88
419.387,247.94
416.07,248
412.784,248.06
409.528,248.12
404.17,248.22
400.999,248.28
397.86,248.34
394.755,248.4
391.685,248.46
388.649,248.52
385.65,248.58
382.687,248.64
379.762,248.7
376.874,248.76
374.026,248.82
371.216,248.88
368.447,248.94
365.718,249
363.031,249.06
360.386,249.12
356.925,249.2
354.38,249.26
351.879,249.32
349.423,249.38
347.012,249.44
344.647,249.5
342.328,249.56
340.056,249.62
337.831,249.68
335.655,249.74
333.527,249.8
331.449,249.86
329.42,249.92
327.441,249.98
325.513,250.04
313.988,250.44
312.462,250.5
310.988,250.56
309.569,250.62
308.205,250.68
306.896,250.74
305.644,250.8
304.447,250.86
303.308,250.92
302.225,250.98
301.201,251.04
300.234,251.1
299.325,251.16
298.476,251.22
297.685,251.28
296.953,251.34
296.281,251.4
295.669,251.46
295.117,251.52
294.625,251.58
294.194,251.64
293.824,251.7
293.514,251.76
293.266,251.82
293.08,251.88
292.954,251.94
292.891,252
292.889,252.06
292.95,252.12
293.073,252.18
293.257,252.24
293.505,252.3
293.815,252.36
294.187,252.42
294.622,252.48
295.119,252.54
295.679,252.6
296.301,252.66
296.986,252.72
297.733,252.78
298.542,252.84
299.413,252.9
300.346,252.96
301.341,253.02
302.398,253.08
303.902,253.16
305.102,253.22
306.362,253.28
307.684,253.34
309.54,253.42
311.001,253.48
313.571,253.58
315.745,253.68
318.024,253.74
319.801,253.8
321.637,253.86
323.53,253.92
325.479,253.98
328.167,254.06
330.248,254.12
332.385,254.18
334.577,254.24
336.823,254.3
339.123,254.36
341.476,254.42
343.882,254.48
346.341,254.54
348.85,254.6
351.411,254.66
354.023,254.72
356.684,254.78
359.394,254.84
362.153,254.9
364.959,254.96
367.812,255.02
370.712,255.08
373.657,255.14
376.647,255.2
379.681,255.26
381.728,255.3
384.834,255.36
387.982,255.42
391.171,255.48
394.401,255.54
397.67,255.6
400.978,255.66
404.324,255.72
407.707,255.78
411.127,255.84
414.582,255.9
418.072,255.96
421.595,256.02
425.151,256.08
428.739,256.14
432.359,256.2
436.008,256.26
440.918,256.34
444.634,256.42
449.63,256.48
453.408,256.54
457.21,256.6
461.037,256.66
464.885,256.72
468.756,256.78
472.647,256.84
476.558,256.9
480.488,256.96
484.436,257.02
488.4,257.08
493.711,257.16
497.711,257.22
501.724,257.28
505.75,257.34
509.788,257.4
513.836,257.46
517.893,257.52
521.959,257.58
526.032,257.64
530.112,257.7
534.196,257.76
538.285,257.82
542.377,257.88
546.471,257.94
550.567,258
556.027,258.08
560.121,258.14
564.213,258.2
568.302,258.26
572.386,258.32
576.466,258.38
580.538,258.44
584.604,258.5
588.661,258.56
592.709,258.62
596.746,258.68
600.772,258.74
604.785,258.8
608.785,258.86
612.771,258.92
616.741,258.98
622.009,259.06
625.94,259.12
629.852,259.18
633.745,259.24
637.617,259.3
641.468,259.36
645.296,259.42
649.101,259.48
652.882,259.54
656.638,259.6
660.367,259.66
664.07,259.72
667.744,259.78
671.39,259.84
675.006,259.9
678.591,259.96
682.145,260.02
685.667,260.08
689.156,260.14
692.61,260.2
696.03,260.26
699.414,260.32
702.761,260.38
706.071,260.44
709.344,260.5
712.578,260.56
715.773,260.62
718.93,260.68
722.048,260.74
725.129,260.8
728.171,260.86
731.175,260.92
734.141,260.98
737.069,261.04
739.96,261.1
742.812,261.16
745.627,261.22
748.404,261.28
751.144,261.36
754.738,261.42
757.39,261.48
760.005,261.54
762.582,261.6
765.123,261.66
767.626,261.72
770.092,261.78
772.521,261.84
774.913,261.9
777.268,261.96
779.586,262.02
781.867,262.08
784.112,262.14
786.32,262.2
788.491,262.26
789.919,262.3
792.029,262.36
794.103,262.42
796.14,262.48
798.141,262.54
800.106,262.62
802.669,262.68
804.549,262.74
806.393,262.8
808.2,262.86
809.972,262.92
812.278,263
813.965,263.06
815.617,263.12
817.232,263.18
820.356,263.3
821.864,263.36
823.336,263.42
824.772,263.48
826.173,263.54
827.538,263.6
828.867,263.66
830.161,263.72
831.419,263.78
832.642,263.84
833.829,263.9
834.981,263.96
836.097,264.02
837.177,264.08
838.223,264.14
839.233,264.2
840.207,264.26
841.146,264.32
842.05,264.38
842.918,264.44
843.752,264.5
844.55,264.56
845.312,264.62
846.04,264.68
846.732,264.74
847.6,264.82
848.786,264.96
849.498,265.02
849.991,265.08
850.449,265.14
850.871,265.2
851.259,265.26
851.612,265.32
851.929,265.38
852.298,265.46
852.534,265.52
852.735,265.58
852.9,265.64
853.031,265.7
853.127,265.76
853.187,265.82
853.213,265.88
853.203,265.94
853.158,266
853.079,266.06
852.964,266.12
852.815,266.18
852.63,266.24
852.41,266.3
852.156,266.36
851.866,266.42
851.541,266.48
851.181,266.54
850.787,266.6
850.357,266.66
849.892,266.72
849.393,266.78
848.858,266.84
848.289,266.9
847.685,266.96
847.045,267.02
846.371,267.08
845.662,267.14
844.918,267.2
844.14,267.26
843.326,267.32
842.478,267.38
841.595,267.44
840.677,267.5
839.724,267.56
838.737,267.62
837.715,267.68
836.658,267.74
835.567,267.8
834.441,267.86
833.28,267.92
831.269,268.02
830.017,268.08
828.729,268.14
827.408,268.2
826.052,268.26
824.661,268.32
823.236,268.38
821.777,268.44
820.283,268.5
818.756,268.56
817.194,268.62
815.597,268.68
813.967,268.74
812.302,268.8
810.604,268.86
808.871,268.92
807.104,268.98
805.303,269.04
803.469,269.1
801.6,269.16
799.697,269.22
797.761,269.28
795.791,269.34
793.787,269.4
791.75,269.46
789.679,269.52
787.574,269.58
785.436,269.64
783.264,269.7
781.058,269.76
778.82,269.82
776.548,269.88
774.242,269.94
771.904,270
769.532,270.06
767.127,270.12
764.689,270.18
762.218,270.24
759.713,270.3
757.176,270.36
753.742,270.44
751.129,270.5
748.482,270.56
745.803,270.62
743.091,270.68
740.347,270.74
737.57,270.8
734.76,270.86
731.918,270.92
729.044,270.98
726.138,271.04
723.199,271.1
720.228,271.16
717.225,271.22
714.19,271.28
711.123,271.34
708.024,271.4
703.843,271.48
700.67,271.54
696.389,271.62
693.143,271.68
689.864,271.74
686.554,271.8
683.214,271.86
679.843,271.92
676.442,271.98
673.013,272.04
669.555,272.1
666.07,272.16
662.559,272.22
659.022,272.28
655.46,272.34
651.874,272.4
648.266,272.46
644.636,272.52
640.985,272.58
637.314,272.64
633.624,272.7
629.915,272.76
626.19,272.82
622.449,272.88
618.692,272.94
613.661,273.02
609.873,273.08
606.073,273.14
602.262,273.2
598.441,273.26
594.611,273.32
590.773,273.4
585.645,273.46
581.793,273.52
577.936,273.58
574.075,273.64
570.212,273.7
566.347,273.76
562.481,273.82
558.616,273.88
554.752,273.94
550.89,274
547.032,274.06
543.179,274.12
539.331,274.18
535.489,274.24
531.655,274.3
527.829,274.36
524.012,274.42
520.206,274.48
516.411,274.54
512.629,274.6
508.859,274.66
505.104,274.72
501.365,274.78
497.641,274.84
493.934,274.9
490.246,274.96
486.576,275.02
482.927,275.08
479.298,275.14
475.691,275.2
472.107,275.26
468.547,275.32
465.011,275.38
461.501,275.44
458.017,275.5
453.414,275.58
449.995,275.64
446.605,275.7
443.245,275.76
439.917,275.82
436.62,275.88
433.356,275.94
430.126,276
426.929,276.06
423.769,276.12
420.644,276.18
417.556,276.28
412.494,276.36
408.523,276.44
404.622,276.5
400.794,276.58
397.972,276.64
394.276,276.72
391.555,276.78
388.878,276.84
386.246,276.9
383.66,276.96
381.121,277.02
377.809,277.1
375.381,277.16
373.002,277.22
370.673,277.28
368.394,277.34
366.165,277.4
363.988,277.46
361.863,277.54
359.112,277.6
357.11,277.68
354.526,277.74
352.652,277.8
350.833,277.86
348.494,277.98
345.712,278.04
344.119,278.1
342.584,278.16
341.107,278.22
339.689,278.28
338.331,278.34
337.031,278.4
335.793,278.46
334.614,278.54
333.138,278.6
332.102,278.68
330.818,278.74
329.928,278.8
329.1,278.86
328.335,278.92
327.634,278.98
326.798,279.06
326.246,279.12
325.758,279.18
325.335,279.24
324.976,279.3
324.6,279.38
324.394,279.44
324.253,279.5
324.178,279.56
324.182,279.64
324.261,279.7
324.407,279.76
324.62,279.82
325.81,280.02
326.311,280.08
326.88,280.14
327.515,280.2
328.217,280.26
328.985,280.32
329.819,280.38
330.72,280.44
331.687,280.5
332.719,280.56
333.818,280.62
334.981,280.68
336.21,280.74
337.504,280.8
338.862,280.86
340.284,280.92
341.771,280.98
343.321,281.04
344.934,281.1
346.61,281.16
348.348,281.22
350.149,281.28
352.01,281.34
353.933,281.4
355.916,281.46
357.96,281.52
360.062,281.58
362.957,281.66
365.197,281.72
367.494,281.78
369.847,281.84
372.258,281.9
374.723,281.96
377.244,282.02
379.819,282.08
382.447,282.14
385.128,282.2
387.861,282.26
390.645,282.32
393.48,282.38
396.365,282.44
399.298,282.5
402.279,282.56
406.327,282.64
409.417,282.7
412.553,282.76
415.732,282.82
418.956,282.88
422.221,282.94
425.528,283
428.876,283.06
432.263,283.12
436.839,283.2
440.314,283.26
443.826,283.32
447.374,283.38
450.956,283.44
454.571,283.5
458.218,283.56
463.129,283.64
466.847,283.7
470.594,283.76
474.369,283.82
478.17,283.88
481.997,283.94
485.848,284
489.721,284.06
493.617,284.12
497.534,284.18
501.471,284.24
505.426,284.3
509.399,284.36
513.388,284.42
517.392,284.48
521.41,284.54
525.441,284.6
529.484,284.66
533.537,284.72
537.6,284.78
541.671,284.84
545.749,284.9
549.834,284.96
553.922,285.02
558.015,285.1
563.475,285.16
567.572,285.22
571.668,285.28
575.763,285.34
579.855,285.4
583.944,285.46
588.027,285.52
592.105,285.58
596.175,285.64
600.237,285.7
604.29,285.76
608.332,285.82
612.362,285.88
616.38,285.94
620.383,286
624.371,286.08
629.664,286.14
636.235,286.24
640.152,286.3
644.049,286.36
647.925,286.42
651.779,286.48
655.608,286.54
659.413,286.6
663.192,286.66
666.944,286.72
670.668,286.78
674.363,286.84
678.029,286.9
681.663,286.96
685.265,287.02
688.834,287.08
692.369,287.14
695.87,287.2
699.334,287.26
702.762,287.32
706.152,287.38
709.504,287.44
712.817,287.5
716.09,287.56
719.325,287.62
722.52,287.68
725.677,287.74
730.852,287.84
734.915,287.92
738.91,288
741.861,288.06
744.774,288.12
747.649,288.18
750.485,288.24
753.284,288.3
756.956,288.38
759.667,288.44
763.222,288.52
765.844,288.58
768.429,288.64
770.976,288.7
773.485,288.76
775.958,288.82
778.393,288.88
780.791,288.94
783.151,289
785.475,289.06
787.761,289.12
790.011,289.18
792.224,289.24
794.4,289.3
796.539,289.36
798.641,289.42
800.707,289.48
802.736,289.54
804.728,289.6
806.684,289.66
808.604,289.72
810.487,289.78
812.333,289.84
814.144,289.9
815.918,289.96
817.656,290.02
819.358,290.08
821.024,290.14
822.654,290.2
824.247,290.26
825.805,290.32
827.327,290.38
828.813,290.44
830.263,290.5
831.677,290.56
833.055,290.62
834.398,290.68
835.705,290.74
836.977,290.8
838.212,290.86
839.412,290.92
840.577,290.98
843.509,291.14
844.543,291.2
845.542,291.26
846.506,291.32
847.434,291.38
848.327,291.44
849.184,291.5
850.007,291.56
850.794,291.62
851.545,291.68
852.262,291.74
852.943,291.8
853.589,291.86
854.2,291.92
854.775,291.98
855.316,292.04
855.821,292.1
856.291,292.16
856.726,292.22
857.126,292.28
857.491,292.34
857.821,292.4
858.116,292.46
858.375,292.52
858.6,292.58
858.789,292.64
858.944,292.7
859.063,292.76
859.148,292.82
859.197,292.88
859.212,292.94
859.191,293
859.135,293.06
859.044,293.12
858.919,293.18
858.758,293.24
858.562,293.38
857.969,293.44
857.657,293.5
857.309,293.56
856.927,293.62
856.509,293.68
856.057,293.74
855.569,293.8
855.047,293.86
854.49,293.92
853.898,293.98
853.271,294.04
852.609,294.1
851.912,294.16
851.181,294.22
850.414,294.28
849.613,294.34
848.777,294.4
847.907,294.46
847.001,294.52
846.061,294.58
845.086,294.64
844.077,294.7
843.033,294.76
841.954,294.82
840.841,294.88
839.693,294.94
838.51,295
837.293,295.06
836.042,295.12
834.756,295.18
833.436,295.24
832.081,295.3
830.692,295.36
829.269,295.42
827.812,295.48
825.815,295.56
824.278,295.62
822.707,295.68
821.101,295.74
819.461,295.8
817.788,295.86
816.08,295.92
814.339,295.98
812.563,296.04
810.754,296.14
807.664,296.22
805.124,296.28
803.18,296.34
801.202,296.4
799.191,296.46
797.146,296.52
795.068,296.58
792.956,296.64
790.811,296.7
788.633,296.76
786.421,296.82
784.176,296.88
781.898,296.94
779.587,297
777.243,297.06
774.866,297.12
772.456,297.18
770.013,297.24
767.538,297.3
765.029,297.36
762.488,297.42
759.914,297.48
757.308,297.54
754.67,297.6
751.998,297.66
749.295,297.72
746.559,297.78
743.791,297.88
739.106,297.94
736.253,298
733.367,298.06
730.449,298.12
727.5,298.18
724.519,298.24
721.506,298.3
718.461,298.36
715.385,298.42
712.277,298.48
709.138,298.54
705.968,298.6
702.766,298.66
699.534,298.72
696.27,298.78
692.975,298.84
689.649,298.9
686.292,298.96
682.905,299.02
679.489,299.08
676.044,299.14
672.571,299.2
669.071,299.26
665.544,299.32
661.993,299.38
658.417,299.44
654.819,299.5
651.198,299.56
646.337,299.64
641.442,299.72
637.749,299.78
634.039,299.84
630.312,299.9
626.57,299.96
622.814,300.02
619.046,300.08
615.266,300.14
611.475,300.2
607.675,300.26
603.866,300.32
600.05,300.38
596.229,300.44
592.402,300.5
588.571,300.56
583.46,300.64
579.625,300.7
575.789,300.76
571.955,300.82
568.123,300.88
564.293,300.94
560.468,301
556.649,301.06
552.836,301.12
549.03,301.18
545.234,301.24
541.447,301.3
537.671,301.36
533.908,301.42
530.157,301.48
526.421,301.54
522.7,301.6
518.995,301.66
515.308,301.72
511.639,301.78
507.99,301.84
504.361,301.9
500.754,301.96
497.17,302.02
493.609,302.08
490.073,302.14
486.563,302.2
483.08,302.26
479.624,302.32
476.197,302.38
472.8,302.44
469.434,302.5
466.1,302.56
462.798,302.62
459.529,302.68
456.296,302.74
453.098,302.8
449.936,302.86
446.811,302.92
443.725,302.98
440.678,303.04
437.671,303.1
434.706,303.16
429.856,303.26
427.004,303.32
424.195,303.38
421.431,303.44
418.713,303.5
416.042,303.56
413.417,303.62
410.841,303.68
408.313,303.74
405.835,303.8
403.408,303.86
401.032,303.92
398.707,303.98
396.435,304.04
394.217,304.1
392.052,304.16
389.942,304.22
387.888,304.28
385.89,304.34
383.948,304.4
382.063,304.46
380.237,304.52
378.468,304.58
376.203,304.66
374.574,304.72
373.005,304.78
371.496,304.84
370.05,304.9
368.665,304.96
367.343,305.02
366.083,305.08
364.888,305.14
363.756,305.2
362.688,305.26
361.685,305.32
360.748,305.38
359.876,305.44
359.07,305.5
358.33,305.56
357.657,305.62
357.052,305.68
356.513,305.76
355.901,305.82
355.521,305.88
355.209,305.94
354.966,306
354.792,306.06
354.687,306.12
354.651,306.18
354.685,306.24
354.788,306.3
354.961,306.36
355.205,306.42
355.518,306.48
355.901,306.54
356.354,306.6
356.878,306.66
357.472,306.72
358.135,306.78
358.869,306.84
359.672,306.88
360.246,306.94
360.852,306.98
361.817,307.04
362.852,307.1
363.955,307.16
365.127,307.22
366.367,307.28
367.676,307.34
369.052,307.4
370.495,307.46
372.006,307.52
373.583,307.58
375.226,307.64
376.935,307.74
379.927,307.8
381.808,307.86
383.754,307.92
385.762,307.98
387.833,308.04
389.966,308.1
392.16,308.16
394.415,308.22
396.73,308.28
399.104,308.34
401.536,308.4
404.026,308.46
406.573,308.52
409.176,308.6
412.733,308.66
415.464,308.72
418.248,308.78
421.085,308.84
423.973,308.9
426.912,308.96
429.901,309.02
432.938,309.08
436.023,309.14
439.155,309.2
442.332,309.26
445.554,309.32
448.819,309.38
452.128,309.44
455.477,309.5
458.867,309.56
462.297,309.62
465.764,309.68
469.269,309.74
472.809,309.8
476.384,309.86
479.992,309.92
483.633,309.98
487.305,310.04
491.007,310.1
494.738,310.16
498.497,310.22
502.282,310.28
506.092,310.34
509.926,310.4
513.783,310.46
517.662,310.52
522.864,310.58
525.477,310.64
529.412,310.7
533.364,310.76
537.33,310.82
541.31,310.88
545.303,310.94
549.307,311
553.321,311.06
557.343,311.12
561.373,311.18
565.409,311.24
569.45,311.3
573.494,311.36
577.541,311.42
581.588,311.48
585.635,311.54
589.68,311.6
593.722,311.66
597.76,311.72
601.793,311.78
605.818,311.84
609.836,311.9
613.844,311.96
617.842,312.02
621.828,312.08
625.801,312.14
629.759,312.2
633.702,312.26
637.628,312.32
641.536,312.38
645.425,312.44
649.293,312.5
654.417,312.58
658.233,312.64
662.025,312.7
665.791,312.76
669.531,312.82
673.243,312.88
676.926,312.94
680.578,313
684.2,313.06
687.789,313.12
691.345,313.18
694.866,313.24
698.351,313.3
701.8,313.36
705.211,313.42
708.583,313.48
711.916,313.54
715.209,313.66
721.677,313.72
724.852,313.78
727.988,313.84
731.084,313.9
734.142,313.96
737.161,314.02
740.14,314.08
743.081,314.14
745.984,314.2
748.848,314.26
751.673,314.32
754.461,314.38
757.209,314.44
759.92,314.5
762.593,314.56
765.227,314.62
767.824,314.68
770.383,314.74
772.904,314.8
775.388,314.86
777.834,314.92
780.242,314.98
782.613,315.04
784.947,315.1
787.243,315.16
789.502,315.22
791.724,315.28
793.909,315.38
799.554,315.5
801.604,315.56
803.616,315.62
805.592,315.68
807.532,315.76
810.06,315.82
812.524,315.9
814.33,315.96
816.099,316.02
817.832,316.08
819.528,316.14
821.188,316.2
822.812,316.26
824.4,316.32
825.952,316.38
828.459,316.48
829.914,316.54
831.334,316.6
832.718,316.66
834.067,316.72
835.379,316.78
836.656,316.84
837.897,316.9
839.102,316.96
840.272,317.02
841.406,317.08
842.505,317.14
843.568,317.2
844.595,317.26
845.587,317.32
846.544,317.38
847.465,317.44
848.351,317.5
849.201,317.56
850.016,317.62
851.048,317.7
851.781,317.76
852.478,317.82
853.141,317.88
853.768,317.94
854.36,318
854.916,318.06
855.438,318.12
855.924,318.18
856.375,318.24
856.791,318.3
857.172,318.36
857.518,318.42
857.829,318.48
858.105,318.54
858.346,318.6
858.551,318.66
858.722,318.72
858.857,318.78
859.005,318.88
859.047,318.94
859.055,319
859.027,319.06
858.964,319.12
858.866,319.18
858.733,319.24
858.564,319.32
858.207,319.4
857.945,319.46
857.649,319.52
857.317,319.58
856.951,319.64
856.549,319.7
856.113,319.76
855.642,319.82
855.136,319.88
854.595,319.94
854.019,320
853.408,320.06
852.762,320.12
852.081,320.18
851.366,320.24
850.616,320.3
849.831,320.36
849.011,320.42
848.156,320.48
847.267,320.54
846.343,320.6
845.385,320.66
844.392,320.72
843.364,320.78
842.301,320.84
841.205,320.9
840.073,320.96
838.907,321.02
837.707,321.08
836.472,321.14
835.203,321.2
833.899,321.26
832.562,321.32
830.725,321.4
829.307,321.46
827.855,321.52
826.369,321.58
824.849,321.64
823.295,321.7
821.706,321.76
820.084,321.82
818.428,321.88
816.738,321.94
815.015,322
813.257,322.06
811.466,322.12
809.641,322.18
807.782,322.24
805.89,322.3
803.965,322.38
801.345,322.44
799.341,322.5
797.304,322.56
795.234,322.62
793.13,322.68
790.994,322.74
788.824,322.8
786.621,322.86
784.385,322.92
782.116,322.98
779.815,323.04
777.48,323.1
775.113,323.16
772.713,323.22
770.28,323.28
767.815,323.34
765.318,323.4
762.788,323.46
760.225,323.52
757.631,323.58
755.004,323.64
752.345,323.7
749.654,323.76
746.016,323.84
743.251,323.9
740.453,323.96
737.624,324.02
734.763,324.08
731.871,324.14
728.947,324.2
725.991,324.26
723.005,324.32
717.957,324.42
714.887,324.48
711.786,324.54
708.654,324.6
705.491,324.66
702.297,324.72
699.072,324.78
695.817,324.84
692.531,324.9
689.214,324.96
685.868,325.02
682.492,325.08
679.087,325.14
675.654,325.2
672.195,325.26
668.709,325.32
665.198,325.38
661.663,325.44
658.106,325.5
654.526,325.56
650.927,325.62
647.308,325.68
643.671,325.74
640.017,325.8
636.347,325.86
632.663,325.92
628.965,325.98
625.255,326.04
621.535,326.1
617.804,326.16
614.066,326.22
610.32,326.28
606.568,326.34
602.811,326.4
599.051,326.46
595.288,326.52
591.525,326.58
587.761,326.64
583.999,326.7
580.24,326.76
576.484,326.82
572.734,326.88
568.989,326.94
565.252,327
561.524,327.06
557.806,327.12
554.099,327.18
550.404,327.24
546.722,327.3
543.056,327.36
539.405,327.42
535.771,327.48
532.155,327.54
528.559,327.62
523.796,327.68
520.249,327.74
516.725,327.8
513.226,327.86
509.752,327.92
506.304,327.98
502.884,328.04
499.493,328.1
496.132,328.16
492.802,328.22
489.504,328.28
486.239,328.34
483.008,328.4
479.812,328.46
476.652,328.52
473.53,328.58
470.446,328.64
467.402,328.7
464.398,328.76
461.435,328.82
458.514,328.88
455.636,328.94
452.803,329
450.015,329.06
447.272,329.12
444.577,329.18
441.929,329.24
439.33,329.3
436.781,329.36
434.282,329.42
431.834,329.48
429.439,329.54
427.096,329.6
424.807,329.66
422.573,329.72
420.394,329.78
418.271,329.84
416.204,329.9
414.196,329.96
412.245,330.02
410.353,330.08
408.521,330.14
406.75,330.2
405.039,330.26
403.39,330.32
401.803,330.38
400.238,330.44
398.64,330.5
397.008,330.56
395.341,330.62
393.642,330.68
391.908,330.74
390.141,330.8
388.34,330.86
386.505,330.92
384.637,330.98
382.735,331.04
380.8,331.1
378.832,331.16
376.83,331.22
374.795,331.28
372.727,331.34
370.625,331.4
368.491,331.46
364.86,331.56
361.89,331.64
359.624,331.7
357.325,331.76
354.993,331.82
352.629,331.88
350.233,331.94
347.803,332
345.342,332.06
342.848,332.12
340.322,332.18
337.764,332.24
335.174,332.3
332.551,332.36
329.897,332.42
327.211,332.48
324.493,332.54
321.743,332.6
318.962,332.66
316.149,332.72
313.304,332.78
310.429,332.84
307.522,332.9
304.583,332.96
301.614,333.02
298.614,333.08
295.582,333.16
291.492,333.22
288.389,333.28
285.255,333.34
282.09,333.4
278.895,333.46
275.67,333.52
272.414,333.58
269.128,333.64
265.812,333.7
262.465,333.76
259.089,333.82
255.683,333.88
252.247,333.94
248.782,334.06
241.762,334.12
238.209,334.18
234.625,334.24
231.013,334.3
227.372,334.38
222.471,334.44
218.763,334.5
215.025,334.56
211.259,334.62
207.464,334.68
203.641,334.74
199.789,334.8
195.909,334.86
190.692,334.94
186.747,335
182.773,335.06
178.772,335.12
174.744,335.18
170.687,335.24
166.603,335.3
162.492,335.36
158.354,335.42
154.188,335.48
149.996,335.54
145.776,335.6
141.529,335.66
137.256,335.72
132.956,335.78
127.182,335.86
122.82,335.92
118.432,335.98
112.541,336.06
108.092,336.12
103.618,336.18
99.1172,336.24
94.591,336.3
90.0391,336.36
85.4619,336.42
80.8594,336.48
76.2316,336.56
73.3577,336.62
75.0154,336.68
76.1326,336.74
77.2087,336.8
78.2479,336.86
79.2508,336.92
80.2171,336.98
81.1465,337.04
82.0389,337.1
82.8939,337.16
83.7113,337.22
84.4909,337.28
85.4717,337.36
86.1634,337.42
86.8176,337.48
87.4347,337.54
88.0148,337.6
88.5583,337.68
89.2264,337.74
89.6854,337.8
90.1085,337.86
90.4959,337.92
90.8477,337.98
91.1641,338.04
91.4452,338.1
91.691,338.16
91.9018,338.22
92.0775,338.28
92.2183,338.34
92.3241,338.4
92.3951,338.46
92.4312,338.52
92.4325,338.58
92.3991,338.64
92.331,338.7
92.2282,338.76
92.0908,338.82
91.9189,338.88
91.6361,338.96
91.3838,339.02
91.0972,339.08
90.7765,339.14
90.4216,339.2
90.0327,339.26
89.6099,339.32
89.1534,339.38
88.6631,339.44
88.1394,339.5
87.5821,339.56
86.9914,339.62
86.3673,339.68
85.7098,339.74
85.0189,339.8
84.2946,339.86
83.5368,339.92
82.7453,339.98
81.9202,340.04
81.0613,340.1
80.1684,340.16
79.2415,340.22
78.281,340.28
77.6294,340.34
77.8749,340.4
78.1305,340.46
78.3417,340.52
78.5031,340.58
78.6282,340.64
78.7181,340.7
78.773,340.76
78.7928,340.82
78.7776,340.88
78.7274,340.94
78.6425,341
78.5266,341.06
78.3861,341.12
78.234,341.18
78.0951,341.24
77.9927,341.3
77.9332,341.36
77.9108,341.42
77.9059,341.48
77.8967,341.56
77.8406,341.62
77.7527,341.68
77.6287,341.74
77.4705,341.8
77.2782,341.86
77.0518,341.92
76.7914,341.98
76.497,342.04
76.1688,342.1
75.8067,342.16
75.4109,342.22
74.9814,342.28
74.5183,342.34
74.0217,342.4
73.6963,342.46
73.3966,342.52
73.121,342.58
72.9823,342.64
73.0007,342.7
73.0419,342.76
73.1104,342.82
73.1703,342.88
73.205,342.94
73.2116,343
73.19,343.06
73.1407,343.12
73.0666,343.18
72.9748,343.24
72.8897,343.3
72.8361,343.36
72.8335,343.42
72.8881,343.48
72.9639,343.54
73.0328,343.6
73.0839,343.66
73.1139,343.72
73.1233,343.78
73.1108,343.84
73.0775,343.9
73.0256,343.96
72.9602,344.02
72.8921,344.08
72.8442,344.16
72.9115,344.22
72.9822,344.28
73.0391,344.34
73.0684,344.4
73.0674,344.46
73.0387,344.52
72.9626,344.6
72.8974,344.66
72.8609,344.72
72.8934,344.78
72.9709,344.86
73.0165,344.92
73.0349,344.98
73.0256,345.04
72.9948,345.1
72.954,345.16
72.9178,345.22
72.9066,345.28
72.9298,345.34
72.9704,345.4
73.0077,345.46
73.027,345.52
73.023,345.58
73.0001,345.64
72.9699,345.7
72.9482,345.76